time,Benchmark
2017-01-02,0.01567086059869527
2017-01-03,0.0626316451000789
2017-01-04,0.09998284837428173
2017-01-05,-0.017017592244045532
2017-01-06,-0.08046248149698898
2017-01-07,-0.03993239118526831
2017-01-08,0.040438870174737795
2017-01-09,0.006041248140144673
2017-01-10,0.006320939703848727
2017-01-11,-0.06625077282823333
2017-01-12,-0.049134015639879514
2017-01-13,0.015054679855011077
2017-01-14,0.013641261559730333
2017-01-15,-0.0017588629224036811
2017-01-16,0.0016689592947780052
2017-01-17,0.05622377054892069
2017-01-18,0.005977558938089933
2017-01-19,0.013858143541838452
2017-01-20,0.013284056223583529
2017-01-21,0.022462329655263624
2017-01-22,0.001895302818947675
2017-01-23,-0.004177221704749601
2017-01-24,-0.0136070242138846
2017-01-25,-0.01378396567555551
2017-01-26,0.011326199034855211
2017-01-27,0.0012543348949418665
2017-01-28,0.003212447576574129
2017-01-29,-0.0010807616040811596
2017-01-30,0.001017298819418977
2017-01-31,0.017201898178771047
2017-02-01,0.01727224435100405
2017-02-02,0.013270901084625919
2017-02-03,0.013720939932373555
2017-02-04,0.026025026022302944
2017-02-05,-0.0020524276292840926
2017-02-06,0.0037044988326384587
2017-02-07,0.018027295663155307
2017-02-08,0.00029794597205407003
2017-02-09,-0.030586971874353774
2017-02-10,-0.018561945493481558
2017-02-11,0.024260979007427408
2017-02-12,-0.0014307303020261175
2017-02-13,-0.0029079516969292007
2017-02-14,0.05770052163347794
2017-02-15,0.019134193645376274
2017-02-16,0.007744925908297506
2017-02-17,0.008741243078979444
2017-02-18,0.007863702332217004
2017-02-19,-0.002393974684836375
2017-02-20,-0.0006483930041238928
2017-02-21,0.01820709670034598
2017-02-22,0.010249336665644648
2017-02-23,0.017612336051759048
2017-02-24,0.026002535488011236
2017-02-25,0.004885576346820852
2017-02-26,0.01683806002646282
2017-02-27,0.03716220039437157
2017-02-28,0.03602929744381689
2017-03-01,0.017881502990432674
2017-03-02,0.07871967108080935
2017-03-03,0.05824756678737952
2017-03-04,-0.010760110954539603
2017-03-05,-0.016940632466416083
2017-03-06,0.02438013619174617
2017-03-07,-0.023149442456239067
2017-03-08,-0.05536016552429168
2017-03-09,-0.02531054268910471
2017-03-10,0.0410023241060512
2017-03-11,0.027059521784176754
2017-03-12,0.07187437715544187
2017-03-13,0.1270388449635118
2017-03-14,0.02719914261721379
2017-03-15,0.04561220014531597
2017-03-16,0.14206501299073454
2017-03-17,0.030200212249669123
2017-03-18,-0.12037557813946442
2017-03-19,0.0017563342791641068
2017-03-20,0.059324269531868645
2017-03-21,0.017526856606337182
2017-03-22,-0.03548732851535391
2017-03-23,0.002080167711085268
2017-03-24,0.03736866909688036
2017-03-25,0.01087480900906157
2017-03-26,0.019912341740333517
2017-03-27,0.013659373494738003
2017-03-28,0.014182625196252963
2017-03-29,0.0235719986810487
2017-03-30,0.0001997825895480032
2017-03-31,-0.012898464391604081
2017-04-01,0.017691450854080526
2017-04-02,0.0003761183423945935
2017-04-03,-0.02165134917093986
2017-04-04,-0.02135605435950927
2017-04-05,0.022027692973064672
2017-04-06,0.00031132531683575326
2017-04-07,-0.0038273126554898007
2017-04-08,0.017305382415065407
2017-04-09,-0.004451526991891996
2017-04-10,0.0052504827578465085
2017-04-11,0.007615115826013041
2017-04-12,0.012831598658023635
2017-04-13,0.03174356950331603
2017-04-14,-0.0028624777963996983
2017-04-15,0.003032263781037381
2017-04-16,0.005383011609999988
2017-04-17,0.007154827876850622
2017-04-18,0.03439476704079991
2017-04-19,0.011254125489608136
2017-04-20,-0.007430335001900212
2017-04-21,0.024532915401152655
2017-04-22,-0.0009651124956505108
2017-04-23,0.016902226784038965
2017-04-24,0.010039076969879268
2017-04-25,0.006921402556437695
2017-04-26,0.033192032867466525
2017-04-27,0.06687013572691691
2017-04-28,0.061105990160912504
2017-04-29,0.031520198839743996
2017-04-30,0.022601909884230498
2017-05-01,0.06471881303275917
2017-05-02,0.016192153711600044
2017-05-03,0.012334544374578038
2017-05-04,0.059335839524440215
2017-05-05,0.02420772941470528
2017-05-06,-0.025461109744059796
2017-05-07,0.017789706463770316
2017-05-08,0.0018389393714591251
2017-05-09,-0.002135869450535677
2017-05-10,0.021984631997215898
2017-05-11,0.02141969739960431
2017-05-12,-0.006945595950758721
2017-05-13,-0.028023229503745695
2017-05-14,0.03075046667598247
2017-05-15,-0.0009684219447927966
2017-05-16,-0.008124530089725523
2017-05-17,0.01376059290805115
2017-05-18,0.047204686354293535
2017-05-19,0.11402566295778849
2017-05-20,0.039990447512794264
2017-05-21,0.03795361371257836
2017-05-22,0.04023306822769679
2017-05-23,0.01578411049031266
2017-05-24,0.0694129420941915
2017-05-25,-0.021222570127047608
2017-05-26,-0.030624044280857337
2017-05-27,-0.19341836473219867
2017-05-28,0.06830497437617485
2017-05-29,0.04116580855334935
2017-05-30,0.06746848697950088
2017-05-31,0.005121830208538921
2017-06-01,0.14707949326425765
2017-06-02,0.005271007242562983
2017-06-03,-0.0016308308875995197
2017-06-04,0.03949911226882752
2017-06-05,0.023543278139685743
2017-06-06,0.047484777392537085
2017-06-07,0.005629739886282644
2017-06-08,-0.013468195573996106
2017-06-09,0.03507307922770793
2017-06-10,0.018991803749240473
2017-06-11,0.04109990926008059
2017-06-12,-0.01409655473419287
2017-06-13,0.0067938925328921975
2017-06-14,-0.0006040525402579711
2017-06-15,-0.1122259893604417
2017-06-16,0.04819980923610231
2017-06-17,0.03869034669429228
2017-06-18,0.023021653167789292
2017-06-19,0.002849176490630249
2017-06-20,0.06238828846840756
2017-06-21,-0.04319709755755215
2017-06-22,-0.03095928781140607
2017-06-23,0.029926542009832913
2017-06-24,-0.021601808459581002
2017-06-25,-0.05682105158174669
2017-06-26,-0.08631611338936047
2017-06-27,-0.02826042608500863
2017-06-28,0.09817022817091359
2017-06-29,0.021866327124653896
2017-06-30,-0.021529186464835925
2017-07-01,-0.06072160469070971
2017-07-02,-0.0004657588664621257
2017-07-03,0.045294566007819
2017-07-04,0.019210126162789127
2017-07-05,-0.026009530910202895
2017-07-06,0.009760954544415204
2017-07-07,-0.03763091684595295
2017-07-08,-0.04393802537756475
2017-07-09,0.02202886063997781
2017-07-10,-0.0727819143817551
2017-07-11,-0.11524044048407414
2017-07-12,0.031243966664156998
2017-07-13,0.035981774733904105
2017-07-14,-0.05360593652183121
2017-07-15,-0.0556475611891399
2017-07-16,-0.11651248048845891
2017-07-17,0.06638032084128467
2017-07-18,0.12286269531759958
2017-07-19,0.03809183498399116
2017-07-20,0.032630759468614115
2017-07-21,0.05725798370604651
2017-07-22,0.017170167743401372
2017-07-23,0.012977967367892362
2017-07-24,-0.0093329898648572
2017-07-25,-0.06934849533744716
2017-07-26,-0.0457096798329688
2017-07-27,0.017057047346625533
2017-07-28,5.322948087257105e-05
2017-07-29,-0.027233686478602394
2017-07-30,0.023768322110936525
2017-07-31,-0.0008341498172912774
2017-08-01,0.053076678687656344
2017-08-02,0.007428343419177567
2017-08-03,0.004144075120396236
2017-08-04,0.011133124653290341
2017-08-05,0.07749856399984778
2017-08-06,0.04475027893617807
2017-08-07,0.006421192197187359
2017-08-08,0.035876934071388845
2017-08-09,0.019803522875378343
2017-08-10,-0.002376724963643606
2017-08-11,0.005617898655407996
2017-08-12,0.032064305136507223
2017-08-13,-0.013962575545578042
2017-08-14,0.025687141861152618
2017-08-15,-0.034461832681211314
2017-08-16,-0.002123801296638323
2017-08-17,0.032389446730136294
2017-08-18,-0.015415502539366483
2017-08-19,-0.029961208973898607
2017-08-20,0.010589625987771948
2017-08-21,0.04491959562871077
2017-08-22,0.060877228094032364
2017-08-23,0.13545933831287393
2017-08-24,-0.02001446231149347
2017-08-25,-0.02007592113597908
2017-08-26,-0.009474321946184139
2017-08-27,-0.009969870445427815
2017-08-28,0.01362258013767248
2017-08-29,0.04892822567702715
2017-08-30,0.031765222147319694
2017-08-31,0.03450467865413061
2017-09-01,0.033948754360682745
2017-09-02,-0.06814631643617926
2017-09-03,-0.022728342346042298
2017-09-04,-0.07712836232203515
2017-09-05,-0.028100300642654154
2017-09-06,0.08885921238060808
2017-09-07,0.009051048169371448
2017-09-08,-0.03254956126365519
2017-09-09,-0.04246159401136144
2017-09-10,-0.019230293289784352
2017-09-11,0.01804593955829651
2017-09-12,0.009775209294618909
2017-09-13,-0.08296758804724591
2017-09-14,-0.07770703729903097
2017-09-15,-0.05602422897768622
2017-09-16,0.0686796467040224
2017-09-17,-0.01791993182570195
2017-09-18,0.09329865589283814
2017-09-19,-0.002924758829219831
2017-09-20,-0.006453008682139494
2017-09-21,-0.03760681963771262
2017-09-22,-0.04501114367143129
2017-09-23,0.03547055143830705
2017-09-24,0.0095610337193327
2017-09-25,0.030853491732978355
2017-09-26,0.018351216917093995
2017-09-27,0.048001397314259224
2017-09-28,0.01929745553763229
2017-09-29,-0.0271139980533468
2017-09-30,0.031782549830010234
2017-10-01,-0.003629408422539819
2017-10-02,0.01406282925374184
2017-10-03,-0.019889738956371767
2017-10-04,0.004543004497299015
2017-10-05,0.03342459523908732
2017-10-06,0.03147928618679903
2017-10-07,0.005410132373933729
2017-10-08,0.04376553816518395
2017-10-09,0.012965594612280232
2017-10-10,-0.005797470252824656
2017-10-11,0.009887529598768966
2017-10-12,0.024341344007146493
2017-10-13,0.04585951879220599
2017-10-14,0.032843526768904605
2017-10-15,-0.013539470463500791
2017-10-16,0.024287679774492643
2017-10-17,-0.04654669809073634
2017-10-18,-0.07079155885599675
2017-10-19,0.009609268618735822
2017-10-20,0.006342415849994953
2017-10-21,-0.010077827286279002
2017-10-22,-0.014072986302046193
2017-10-23,-0.02914657807798178
2017-10-24,0.0309152962481893
2017-10-25,-0.02351368608356689
2017-10-26,0.021101551708216777
2017-10-27,-0.0027824792889583243
2017-10-28,-0.009935486073243793
2017-10-29,0.020376596369614603
2017-10-30,0.023784666918291508
2017-10-31,0.0037176324204833224
2017-11-01,-0.004377157651819636
2017-11-02,-0.006300664743659055
2017-11-03,0.056260723974113226
2017-11-04,-0.0001346212779694822
2017-11-05,0.006611751724409974
2017-11-06,-0.008706319966232686
2017-11-07,-0.010120025561941803
2017-11-08,0.03215488130713721
2017-11-09,0.02589113298373591
2017-11-10,-0.03344263564258313
2017-11-11,-0.031073888732472667
2017-11-12,-0.036873241775252086
2017-11-13,0.016247960569104453
2017-11-14,0.0385151482704027
2017-11-15,0.037501768748206876
2017-11-16,0.04239678994510854
2017-11-17,0.026318188267625033
2017-11-18,-0.006118104640039812
2017-11-19,0.03650654720096069
2017-11-20,0.03329635858803666
2017-11-21,0.00091756929275566
2017-11-22,-0.0005289673326165365
2017-11-23,0.036579616682848703
2017-11-24,0.022444429126329303
2017-11-25,0.05323864141756606
2017-11-26,0.016514810996489254
2017-11-27,0.032169881875473726
2017-11-28,0.022211732849561794
2017-11-29,0.01559908861256054
2017-11-30,-0.07971436853585104
2017-12-01,0.029865866646207863
2017-12-02,0.04944826978534067
2017-12-03,0.019358705915516694
2017-12-04,-0.009536199305233306
2017-12-05,0.0034788795015034584
2017-12-06,-0.010327734073206678
2017-12-07,0.01616674416999616
2017-12-08,0.05889596682056301
2017-12-09,0.026969436258880892
2017-12-10,-0.045510497732149324
2017-12-11,0.08565495945723274
2017-12-12,0.14748181396091767
2017-12-13,0.26256713393118764
2017-12-14,0.13113980694372718
2017-12-15,0.07171180125716846
2017-12-16,0.024108162632146025
2017-12-17,0.020737550239303314
2017-12-18,-0.007937231630038455
2017-12-19,0.05289721252511921
2017-12-20,-0.0646051518007418
2017-12-21,0.10768207122255091
2017-12-22,-0.11034024168230812
2017-12-23,0.05229156777335138
2017-12-24,-0.08966246212978464
2017-12-25,0.07513720149213061
2017-12-26,0.06278325770550282
2017-12-27,0.06570889993108982
2017-12-28,-0.03847319530296152
2017-12-29,0.12704589136254835
2017-12-30,0.0467693690246825
2017-12-31,-0.0033151319909196335
2018-01-01,0.02024874779867636
2018-01-02,0.08214026192188457
2018-01-03,0.10975617939590786
2018-01-04,0.08996679608160614
2018-01-05,-0.0010834979747713636
2018-01-06,0.022636708158906987
2018-01-07,0.027074756470811624
2018-01-08,-0.028253989644390076
2018-01-09,-0.019674854920507433
2018-01-10,-0.04165662750705146
2018-01-11,-0.04569089172945287
2018-01-12,0.026961730494167353
2018-01-13,0.052362486755877916
2018-01-14,-0.044139905968649654
2018-01-15,-0.009447302201006869
2018-01-16,-0.17637859620234414
2018-01-17,-0.16253992989723723
2018-01-18,0.1785201663267059
2018-01-19,0.021830675231921948
2018-01-20,0.055652051694543084
2018-01-21,-0.05646985114573411
2018-01-22,-0.06716499348166985
2018-01-23,-0.021744224993414624
2018-01-24,0.029505133690979436
2018-01-25,0.023573849680527448
2018-01-26,-0.04124977385032724
2018-01-27,0.014717554653160048
2018-01-28,0.07172453960697181
2018-01-29,-0.006587486259718981
2018-01-30,-0.06383883062250058
2018-01-31,-0.05425928534263143
2018-02-01,-0.03400053617912324
2018-02-02,-0.14515864191625627
2018-02-03,0.04012371071988411
2018-02-04,-0.03274238663365473
2018-02-05,-0.1395820103240303
2018-02-06,-0.11050223750449398
2018-02-07,0.14577878292305924
2018-02-08,0.02182248848561197
2018-02-09,0.04130621047589381
2018-02-10,0.11158335645315223
2018-02-11,-0.05462423777182897
2018-02-12,0.054616194006026866
2018-02-13,-0.01597964856144163
2018-02-14,0.0456544516306064
2018-02-15,0.06668552076621803
2018-02-16,0.004776319389191208
2018-02-17,0.04707324368124695
2018-02-18,-0.018694132363596662
2018-02-19,0.005846016351515271
2018-02-20,0.014441749761473647
2018-02-21,-0.07811418981056524
2018-02-22,-0.05044987344656896
2018-02-23,-0.0029432303716977843
2018-02-24,-0.008613286175179757
2018-02-25,-0.018072084784854114
2018-02-26,0.02397662102174114
2018-02-27,0.03947986444798427
2018-02-28,-0.00783619074857759
2018-03-01,-0.0033747020309654596
2018-03-02,0.0072132551341986435
2018-03-03,0.011535998942112621
2018-03-04,-0.0015645079100973973
2018-03-05,0.04745020016671038
2018-03-06,-0.052956094261463416
2018-03-07,-0.058887696668112326
2018-03-08,-0.05643390121623907
2018-03-09,-0.07326012892289387
2018-03-10,0.04182269635421668
2018-03-11,-0.023731437198892404
2018-03-12,0.02419287452762046
2018-03-13,-0.02936084017181817
2018-03-14,-0.046440964907136784
2018-03-15,-0.08584354769179639
2018-03-16,0.02148096827490168
2018-03-17,-0.0386818224266738
2018-03-18,-0.09214040541460577
2018-03-19,0.08949900909881399
2018-03-20,0.026724156205607086
2018-03-21,0.02738268966646736
2018-03-22,-0.03240397415088832
2018-03-23,-0.04066686663801307
2018-03-24,0.032390518841084015
2018-03-25,-0.029536866119314237
2018-03-26,-0.0424505287374507
2018-03-27,-0.048599125593605685
2018-03-28,-0.01233025421062661
2018-03-29,-0.06484347926843226
2018-03-30,-0.07831005044574513
2018-03-31,0.027557246051818675
2018-04-01,-0.040767105464178166
2018-04-02,0.014033929902336872
2018-04-03,0.05396091921014926
2018-04-04,-0.02677962796999437
2018-04-05,-0.04248879759345266
2018-04-06,-0.02010831655778781
2018-04-07,0.0338108062508972
2018-04-08,0.017751181847700005
2018-04-09,0.0025909538434766284
2018-04-10,-0.010692871108788396
2018-04-11,0.026018246049986777
2018-04-12,0.08844929363178873
2018-04-13,0.12720306882990268
2018-04-14,-0.006425398123166744
2018-04-15,0.034158851784872615
2018-04-16,-0.015962462777796706
2018-04-17,0.001867188385742587
2018-04-18,0.011203409278783234
2018-04-19,0.048095473703192296
2018-04-20,0.09408706704979337
2018-04-21,0.02896825515638849
2018-04-22,0.015285347988431397
2018-04-23,0.00654078030212679
2018-04-24,0.06189588962813741
2018-04-25,-0.05527088532271488
2018-04-26,-0.031032613609062693
2018-04-27,0.04425548411429621
2018-04-28,0.009714711003126819
2018-04-29,0.01509655758515871
2018-04-30,-0.011446494805219013
2018-05-01,-0.03402745019274818
2018-05-02,0.028648363604018085
2018-05-03,0.04478927665396311
2018-05-04,0.04093049926644187
2018-05-05,0.02477630093581188
2018-05-06,-0.024902374084032286
2018-05-07,-0.05246098987970918
2018-05-08,-0.0024738494858001316
2018-05-09,-0.017827315013003532
2018-05-10,0.009031810954701845
2018-05-11,-0.08333357522410452
2018-05-12,-0.036722527784231906
2018-05-13,0.034891805314617955
2018-05-14,0.017129691962149824
2018-05-15,0.005777352068918606
2018-05-16,-0.04605696708684026
2018-05-17,0.005315101819251433
2018-05-18,-0.026964320531014236
2018-05-19,0.01860131353093338
2018-05-20,0.018150477091062323
2018-05-21,0.000604476132157713
2018-05-22,-0.0318242132141201
2018-05-23,-0.0763520221062793
2018-05-24,-0.026076794539743837
2018-05-25,0.0021687713745664654
2018-05-26,0.002080749500409003
2018-05-27,-0.026202513388525007
2018-05-28,-0.03855498818928208
2018-05-29,0.006441757055140421
2018-05-30,0.0332429920226609
2018-05-31,0.012265433784206673
2018-06-01,0.0026244538752482702
2018-06-02,0.026679062458660953
2018-06-03,0.02783659436716597
2018-06-04,-0.007637793409194089
2018-06-05,-0.008066573152423318
2018-06-06,0.014246908582641252
2018-06-07,0.010818674069471493
2018-06-08,-0.011222196197285556
2018-06-09,0.000602420572526204
2018-06-10,-0.07593193351819719
2018-06-11,-0.05579517958015748
2018-06-12,-0.0042028856944877156
2018-06-13,-0.064150085595331
2018-06-14,0.018297971104381656
2018-06-15,0.007399080126296937
2018-06-16,-0.016966996493593307
2018-06-17,0.005661747035607474
2018-06-18,-0.0010079751663030954
2018-06-19,0.03794304942069774
2018-06-20,-0.005774583833567215
2018-06-21,0.007551166764733589
2018-06-22,-0.06868560608365784
2018-06-23,-0.03709930495788053
2018-06-24,-0.03290759709284078
2018-06-25,0.02493155136092858
2018-06-26,-0.009474515977967186
2018-06-27,-0.02517672022944243
2018-06-28,-0.001380760929663586
2018-06-29,-0.039331941272568005
2018-06-30,0.07346043218581988
2018-07-01,-0.004318125936695708
2018-07-02,0.02216132007831898
2018-07-03,0.03310139787300074
2018-07-04,-0.010097484168193005
2018-07-05,-0.0013486213862603882
2018-07-06,-0.013471862184735135
2018-07-07,0.0022700920078691693
2018-07-08,0.031770461395893346
2018-07-09,-0.01149375300149132
2018-07-10,-0.04907508624182221
2018-07-11,-0.01994442067332221
2018-07-12,-0.018596200204345083
2018-07-13,0.006117983058287294
2018-07-14,-0.0036323068568861654
2018-07-15,0.016957249377281453
2018-07-16,0.03959381149126284
2018-07-17,0.04830323037413871
2018-07-18,0.049442736054322735
2018-07-19,-0.03148194418468438
2018-07-20,-0.027846850783391365
2018-07-21,-0.005649775272236497
2018-07-22,0.010129931913992621
2018-07-23,0.006053409362248482
2018-07-24,0.024293798135407146
2018-07-25,0.01711182882335871
2018-07-26,-0.0009424328116752013
2018-07-27,-0.021007365468536987
2018-07-28,0.008790945540146032
2018-07-29,-0.0002573578329084039
2018-07-30,-0.010558350812477357
2018-07-31,-0.0317634884344861
2018-08-01,-0.02551355983429726
2018-08-02,-0.0067683927484855815
2018-08-03,-0.013029317807519925
2018-08-04,-0.006524789278308869
2018-08-05,-0.018974884152900346
2018-08-06,-0.004936533890305202
2018-08-07,-0.019718093646241476
2018-08-08,-0.10585709548332592
2018-08-09,-0.008835397810851001
2018-08-10,-0.014902500648644585
2018-08-11,-0.07748777539074099
2018-08-12,0.01005609683005019
2018-08-13,-0.020743341081019457
2018-08-14,-0.10062965727808584
2018-08-15,0.08126772154989322
2018-08-16,0.0016232143500047866
2018-08-17,0.052871155198656185
2018-08-18,0.02210070108455083
2018-08-19,-0.01001382032999465
2018-08-20,-0.0038062076894653796
2018-08-21,-0.024627329404624827
2018-08-22,0.0191951209616635
2018-08-23,-0.029330812067269396
2018-08-24,0.011507156552788519
2018-08-25,0.016184243202827926
2018-08-26,-0.013301654575512134
2018-08-27,0.011623153507245965
2018-08-28,0.04533145059518895
2018-08-29,0.008252836792204343
2018-08-30,-0.03063688824884673
2018-08-31,0.0017432983474423196
2018-09-01,0.027343638153580686
2018-09-02,0.010704445456923468
2018-09-03,-0.009681341795669374
2018-09-04,-0.002540209031488327
2018-09-05,-0.0618560506287696
2018-09-06,-0.10149688798202486
2018-09-07,0.00013883952558750058
2018-09-08,-0.029534477407073934
2018-09-09,-0.03230556283850816
2018-09-10,-0.013113759932503596
2018-09-11,-0.01922846935470231
2018-09-12,-0.02851600173257381
2018-09-13,0.06748146619666702
2018-09-14,0.033051225902803225
2018-09-15,0.011557043923133982
2018-09-16,-0.0044436449988813536
2018-09-17,-0.015793315683796195
2018-09-18,0.00716570042943946
2018-09-19,0.04088856026846758
2018-09-20,0.044480377334813914
2018-09-21,0.18987438507037646
2018-09-22,0.04490156236228282
2018-09-23,0.009427745094598206
2018-09-24,-0.0329403711079167
2018-09-25,-0.09029390064932921
2018-09-26,0.050909994254826334
2018-09-27,0.011115770400927852
2018-09-28,0.02236981250573329
2018-09-29,0.0063160941558159465
2018-09-30,0.030216090600004852
2018-10-01,-0.008862066055809895
2018-10-02,-0.013649400656892425
2018-10-03,-0.038004935907054484
2018-10-04,0.01903112396062845
2018-10-05,-0.010676151649518998
2018-10-06,-0.0071108881274492735
2018-10-07,-0.02075344098152543
2018-10-08,0.018547217206172695
2018-10-09,-0.0031644929619787
2018-10-10,-0.015056191922467134
2018-10-11,-0.08958597539364599
2018-10-12,-0.0031804034625876705
2018-10-13,0.0068228520235797206
2018-10-14,0.005988024460175174
2018-10-15,0.059420437906584724
2018-10-16,0.014627276524262987
2018-10-17,0.009983773681212059
2018-10-18,-0.012165937796120073
2018-10-19,-0.022276167368657597
2018-10-20,0.005098194311781675
2018-10-21,0.007537294410845681
2018-10-22,-0.010957058822711807
2018-10-23,-0.007820185007969882
2018-10-24,0.013005208869974583
2018-10-25,-0.010079034234270293
2018-10-26,0.0012054289934774567
2018-10-27,-0.0033824594164088007
2018-10-28,-0.002412434080869959
2018-10-29,-0.015679684577592463
2018-10-30,-0.012863989680471866
2018-10-31,1.4220246103313654e-05
2018-11-01,0.008420890569572698
2018-11-02,0.013309982386556044
2018-11-03,-0.006727149183379096
2018-11-04,0.01119531266763311
2018-11-05,0.02136870803064979
2018-11-06,0.04643646926363587
2018-11-07,0.01851191027563074
2018-11-08,-0.023308378538893226
2018-11-09,-0.014820743351937097
2018-11-10,0.003173325795818416
2018-11-11,-0.005272499825108468
2018-11-12,0.009294542483984758
2018-11-13,0.002936792412376025
2018-11-14,-0.049909419368982
2018-11-15,-0.07715523404890681
2018-11-16,0.0037402211381797335
2018-11-17,-0.006582312669983104
2018-11-18,0.02704564213885896
2018-11-19,-0.06716058790995064
2018-11-20,-0.09184863952074088
2018-11-21,-0.03777456227072543
2018-11-22,-0.0058125741525365164
2018-11-23,-0.06333246946408788
2018-11-24,-0.008315843677976071
2018-11-25,-0.10721179159146428
2018-11-26,0.028694667780136147
2018-11-27,-0.04599351285787057
2018-11-28,0.08788685156808224
2018-11-29,0.013649463098738636
2018-11-30,-0.033827320768077665
2018-12-01,0.0044332614474666965
2018-12-02,0.010140853232253257
2018-12-03,-0.047498632024460724
2018-12-04,-0.007853801280685246
2018-12-05,-0.028687784802001848
2018-12-06,-0.03939718928620706
2018-12-07,-0.10381047629902207
2018-12-08,0.022377295836883082
2018-12-09,0.02998120725144663
2018-12-10,-0.011331121133989819
2018-12-11,-0.026012433360770262
2018-12-12,0.011379602213157442
2018-12-13,-0.008655179533393637
2018-12-14,-0.03793005175490175
2018-12-15,-0.01906003662169405
2018-12-16,0.022882911222833036
2018-12-17,0.032709856781341584
2018-12-18,0.052788605548041434
2018-12-19,0.06697583851832362
2018-12-20,0.02525309139868942
2018-12-21,0.012138794389103036
2018-12-22,-0.018760380533135473
2018-12-23,0.06045888461293564
2018-12-24,0.06956910596130891
2018-12-25,-0.0727830113526477
2018-12-26,0.0028103377089430115
2018-12-27,-0.02763158141724098
2018-12-28,-0.0023633019798650345
2018-12-29,0.057227942402460374
2018-12-30,-0.01514504179553866
2018-12-31,-0.011296083844534233
2019-01-01,-0.005006972521087061
2019-01-02,0.042675437177353726
2019-01-03,0.0020265283895996022
2019-01-04,-0.00895844687552333
2019-01-05,0.015595243839993445
2019-01-06,-0.0072516392669272345
2019-01-07,0.015171094573304622
2019-01-08,-0.010794797027363912
2019-01-09,0.0015659597904896516
2019-01-10,-0.05161788590668975
2019-01-11,-0.03987415582526732
2019-01-12,-0.004597061896558924
2019-01-13,-0.016290873018486113
2019-01-14,0.0018993555230008563
2019-01-15,0.017215116984949708
2019-01-16,-0.015748755454790653
2019-01-17,-0.005230730521750493
2019-01-18,0.00016420031972877447
2019-01-19,0.013606236456760956
2019-01-20,-0.020662177816546057
2019-01-21,-0.019316531459013825
2019-01-22,0.004694566979598025
2019-01-23,0.004563178749832086
2019-01-24,-0.005258719681234231
2019-01-25,-0.001223835930849515
2019-01-26,0.0033593093939146
2019-01-27,-0.014016237142730481
2019-01-28,-0.037271420027077146
2019-01-29,-0.00891403808808669
2019-01-30,0.022945676408731575
2019-01-31,0.01214038288663205
2019-02-01,-0.014063122843214065
2019-02-02,0.0049820861977363795
2019-02-03,-0.00231111507025733
2019-02-04,-0.009022016120308063
2019-02-05,-0.002634012198281216
2019-02-06,-0.01678550631226569
2019-02-07,0.0047596396219847514
2019-02-08,0.03108925052588718
2019-02-09,0.038247837852615124
2019-02-10,-0.007650590625772391
2019-02-11,0.004536570270865653
2019-02-12,-0.002312334129826621
2019-02-13,0.006154515957728368
2019-02-14,-0.0030974153665725424
2019-02-15,-0.0005699552870924718
2019-02-16,0.004877780369377749
2019-02-17,0.005852610647244905
2019-02-18,0.05326476620140347
2019-02-19,0.03239205089027358
2019-02-20,-0.005145661383327893
2019-02-21,-0.0043861275793747045
2019-02-22,0.004513293326338319
2019-02-23,0.012577114072462703
2019-02-24,0.0021934076781492118
2019-02-25,-0.04531850777928703
2019-02-26,0.0064787368110645616
2019-02-27,-0.00516476312815442
2019-02-28,-0.0004698689463190908
2019-03-01,0.004996871273030862
2019-03-02,-0.009554256582300164
2019-03-03,-0.0027973332861568057
2019-03-04,-0.0240197172568877
2019-03-05,0.01560291412819964
2019-03-06,0.02124943055835221
2019-03-07,0.003162615139533115
2019-03-08,-0.005118562517647418
2019-03-09,0.0015443696918499283
2019-03-10,-0.0021681341086822736
2019-03-11,-0.007005471126434737
2019-03-12,-0.0036140921077087995
2019-03-13,0.0020572762033222447
2019-03-14,-0.001976113651349226
2019-03-15,0.009478187439619479
2019-03-16,0.022255828419110446
2019-03-17,-0.00643478623350191
2019-03-18,-0.0018381420589768105
2019-03-19,0.000377807564266891
2019-03-20,0.0015925918293034358
2019-03-21,-0.005531647636399323
2019-03-22,-0.009867281708006687
2019-03-23,0.002198852915812316
2019-03-24,-0.004576578046753849
2019-03-25,-0.007980967041594955
2019-03-26,-0.009493704163125338
2019-03-27,0.020510856857747395
2019-03-28,0.003077359981671912
2019-03-29,0.008733351599828076
2019-03-30,0.009342635372405206
2019-03-31,-0.004701821286104746
2019-04-01,0.003909944739197507
2019-04-02,0.06954405425739596
2019-04-03,0.058071765948727955
2019-04-04,-0.03233861526732851
2019-04-05,0.023662479856359053
2019-04-06,0.005539695369401021
2019-04-07,0.010313218636052807
2019-04-08,0.01979908790635687
2019-04-09,-0.008610213039197956
2019-04-10,0.0062787549682699895
2019-04-11,-0.042617727932389465
2019-04-12,-0.011003921479260298
2019-04-13,0.0037682560813737664
2019-04-14,-0.0012982021683506373
2019-04-15,0.000945621426332921
2019-04-16,-0.00887932329957028
2019-04-17,0.02137047812480919
2019-04-18,0.017236442788995776
2019-04-19,-0.006220485907809992
2019-04-20,0.00407860416143746
2019-04-21,-0.012334716979121613
2019-04-22,0.003959192425623648
2019-04-23,0.015529880613629976
2019-04-24,-0.028576327971244403
2019-04-25,-0.012534300484339511
2019-04-26,-0.010763567872113439
2019-04-27,0.00998038454150113
2019-04-28,0.012278882908903
2019-04-29,-0.003088055089381786
2019-04-30,0.0207526975175793
2019-05-01,0.009305606537165168
2019-05-02,0.0021024726828194062
2019-05-03,0.022133370697225846
2019-05-04,-0.000450445030374641
2019-05-05,-0.005491000632048604
2019-05-06,0.007639243135794976
2019-05-07,0.022664655460437638
2019-05-08,-0.023323941925190078
2019-05-09,-0.004327751618643821
2019-05-10,-0.0009543731206771155
2019-05-11,0.04179477373383189
2019-05-12,0.017355391342400384
2019-05-13,0.0173761304299202
2019-05-14,0.0818105802591424
2019-05-15,0.06646912033405855
2019-05-16,0.030169088779349734
2019-05-17,-0.06725780828416539
2019-05-18,-0.005544556815210211
2019-05-19,0.051558846323864926
2019-05-20,-0.008344759499719107
2019-05-21,0.006315032159921741
2019-05-22,-0.003992028364225297
2019-05-23,-0.03281876458904759
2019-05-24,0.028867381821460092
2019-05-25,0.004156702910028759
2019-05-26,0.004176954203425898
2019-05-27,0.05812669856371633
2019-05-28,0.010767340550020515
2019-05-29,0.00020365696609167538
2019-05-30,0.008512468866817335
2019-05-31,-0.04260216529492006
2019-06-01,0.022496788080659302
2019-06-02,0.008265517703082481
2019-06-03,-0.00814573547391631
2019-06-04,-0.05604400521740349
2019-06-05,-0.0061051052774710735
2019-06-06,0.0018304337089118106
2019-06-07,0.021696158322066394
2019-06-08,-0.007734299712833792
2019-06-09,-0.023935693756565485
2019-06-10,0.00011260360453094198
2019-06-11,0.0066485656222679546
2019-06-12,0.015360577778642859
2019-06-13,0.016352927769252817
2019-06-14,-0.0013085972515902988
2019-06-15,0.027471531916467506
2019-06-16,0.024915174227403025
2019-06-17,0.01105395126506406
2019-06-18,-0.004986311734519938
2019-06-19,-0.002197727780377412
2019-06-20,0.0071764401096948705
2019-06-21,0.03301919078848917
2019-06-22,0.05658583684314239
2019-06-23,0.013416163345386367
2019-06-24,-0.012681749291860889
2019-06-25,0.015756319381953654
2019-06-26,0.04551149545554173
2019-06-27,-0.05520406083142093
2019-06-28,-0.019038668477109
2019-06-29,0.008473675852934903
2019-06-30,-0.005155198618688683
2019-07-01,-0.033916000108928285
2019-07-02,-0.017862358649424065
2019-07-03,0.033531035240602136
2019-07-04,0.0068665264594189035
2019-07-05,-0.028044364191694093
2019-07-06,0.015456095021431526
2019-07-07,0.002681397943484931
2019-07-08,0.02388072867082347
2019-07-09,0.016885926020322295
2019-07-10,-0.018172941049090452
2019-07-11,-0.07407390238451583
2019-07-12,0.0030685853546164044
2019-07-13,-0.011418614120844162
2019-07-14,-0.04186907598829087
2019-07-15,-0.03871190099517663
2019-07-16,-0.016167556869825545
2019-07-17,-0.03186443836347169
2019-07-18,0.03532420697114011
2019-07-19,0.014739765635041813
2019-07-20,0.023776741612653612
2019-07-21,-0.008779617193587663
2019-07-22,-0.009791845375721503
2019-07-23,-0.024764331107117538
2019-07-24,-0.016390645016841093
2019-07-25,0.02835005903379112
2019-07-26,-0.01170057546547787
2019-07-27,-0.007430635486783799
2019-07-28,-0.016415868168766667
2019-07-29,0.004851036552020432
2019-07-30,0.002527012258518424
2019-07-31,0.018511976215914494
2019-08-01,0.003704693629745459
2019-08-02,0.011898505002459425
2019-08-03,0.012534961895353552
2019-08-04,0.0014321261300530852
2019-08-05,0.03625939263588454
2019-08-06,-0.004213654676771372
2019-08-07,-0.009287301568112721
2019-08-08,-0.002742736413750696
2019-08-09,-0.017568237769935158
2019-08-10,-0.011414825011038354
2019-08-11,0.0009051910805212282
2019-08-12,0.0010151726547210638
2019-08-13,-0.012621690074403308
2019-08-14,-0.03681193489246712
2019-08-15,-0.04919475961369946
2019-08-16,0.004274940801709731
2019-08-17,0.003966398331899462
2019-08-18,0.02203883846126281
2019-08-19,0.02343201508387316
2019-08-20,-0.004679184169443268
2019-08-21,-0.03591921747318466
2019-08-22,0.0005744515006156359
2019-08-23,0.015846468397244073
2019-08-24,-0.008850423443171607
2019-08-25,-0.003338378740208786
2019-08-26,0.007401027708980962
2019-08-27,-0.010265437147594259
2019-08-28,-0.015100697427662707
2019-08-29,-0.03746917841819222
2019-08-30,0.0006168644699898751
2019-08-31,0.0029482036950244372
2019-09-01,0.0036311849806000274
2019-09-02,0.014111482887091437
2019-09-03,0.02551274833296091
2019-09-04,-0.0026929661600383348
2019-09-05,-0.009644963149027658
2019-09-06,0.001869533005116636
2019-09-07,-0.004954165986764597
2019-09-08,0.017172887852965557
2019-09-09,-0.005711499249185875
2019-09-10,-0.0023918446463113696
2019-09-11,-0.011926182456239942
2019-09-12,0.00434573279129058
2019-09-13,0.003448375186412833
2019-09-14,0.012103332439500625
2019-09-15,0.007854851965006848
2019-09-16,0.0038117776191145814
2019-09-17,0.026753450600299072
2019-09-18,0.04155657099188195
2019-09-19,-0.017067398666194028
2019-09-20,0.008673259362201924
2019-09-21,-0.005449423261739722
2019-09-22,-0.02077962691524174
2019-09-23,-0.00853237209328106
2019-09-24,-0.04762950309834835
2019-09-25,-0.069483694205239
2019-09-26,-0.007287158799228893
2019-09-27,-0.0077516241003558195
2019-09-28,0.01398769942359232
2019-09-29,-0.011568353160183314
2019-09-30,0.017832228483006918
2019-10-01,0.021942858803196907
2019-10-02,-0.012665740313855256
2019-10-03,-0.0019119231587287344
2019-10-04,-0.0010636390307419419
2019-10-05,0.00012287173210212554
2019-10-06,-0.0063223065461483485
2019-10-07,0.023697048800548848
2019-10-08,0.017657940902935543
2019-10-09,0.01401785637060432
2019-10-10,0.00841653610776344
2019-10-11,-0.017069326579807254
2019-10-12,-0.003039705856478697
2019-10-13,0.004696771685404111
2019-10-14,0.010740373755202148
2019-10-15,-0.00011317585240705474
2019-10-16,-0.019617111163312106
2019-10-17,0.005263524830886462
2019-10-18,-0.00542295969560927
2019-10-19,-0.0007195991775061916
2019-10-20,-0.00010445875351988709
2019-10-21,0.009329067648363526
2019-10-22,0.00048235822452188937
2019-10-23,-0.041261836496709975
2019-10-24,-0.018740667132211175
2019-10-25,0.041428210567228674
2019-10-26,0.07037596666327722
2019-10-27,0.0029108745785711987
2019-10-28,0.005193806221081287
2019-10-29,0.0024192556308637314
2019-10-30,-0.009689876196714603
2019-10-31,-0.0060281181330158196
2019-11-01,-0.0030928364559107135
2019-11-02,0.008890709292144194
2019-11-03,-0.006645327732057865
2019-11-04,0.0055940662322103984
2019-11-05,0.01232339222087589
2019-11-06,0.004161825937619296
2019-11-07,-0.013547325255417214
2019-11-08,-0.023766934526846167
2019-11-09,-0.005758957520774349
2019-11-10,0.008668737205640376
2019-11-11,-0.007214664385525038
2019-11-12,-0.007285820798676207
2019-11-13,0.0035654641395240216
2019-11-14,-0.00898511287512671
2019-11-15,-0.013443490973129135
2019-11-16,-0.003002276698064743
2019-11-17,0.006973911707192637
2019-11-18,-0.012185787593033931
2019-11-19,-0.02334784282608726
2019-11-20,0.0014638590490850811
2019-11-21,-0.027111565867017462
2019-11-22,-0.04625764935049617
2019-11-23,-0.011476160025942428
2019-11-24,-0.010731235431878011
2019-11-25,-0.02496082008281894
2019-11-26,0.01246173440882875
2019-11-27,0.010941710389355597
2019-11-28,0.020573349835217747
2019-11-29,0.008324834323579944
2019-11-30,-0.0014818694861089
2019-12-01,-0.021468111258382994
2019-12-02,-0.003221576000241505
2019-12-03,-0.0017643067205031782
2019-12-04,-0.007899998797526675
2019-12-05,0.0022381140432431446
2019-12-06,0.01101136192700819
2019-12-07,0.009322682831090112
2019-12-08,0.0019044984838780254
2019-12-09,-0.002911292923146458
2019-12-10,-0.015751593758152854
2019-12-11,-0.00735042834327046
2019-12-12,-0.0051632696195477445
2019-12-13,0.0027109366623607467
2019-12-14,-0.005959169825876298
2019-12-15,-0.004729371744421507
2019-12-16,-0.013770635032615025
2019-12-17,-0.04734659521694343
2019-12-18,-0.015955000787634177
2019-12-19,0.021230318924831737
2019-12-20,0.0010910351066454327
2019-12-21,0.001315852294622999
2019-12-22,0.009213839217151326
2019-12-23,0.014007885479296989
2019-12-24,-0.019416087469251136
2019-12-25,-0.011112182513653923
2019-12-26,0.004331881079473132
2019-12-27,-0.0030345126266702327
2019-12-28,0.014274891369171094
2019-12-29,0.009976414282617085
2019-12-30,0.001044849847686713
2019-12-31,-0.011324128595771615
2020-01-01,0.003133152414824758
2020-01-02,-0.012866514835592868
2020-01-03,0.011867644137445621
2020-01-04,0.009590484698430407
2020-01-05,0.010202030106661902
2020-01-06,0.028945891841289706
2020-01-07,0.022024529005742727
2020-01-08,0.00435781998809695
2020-01-09,-0.024479971043562504
2020-01-10,0.0030138338783854413
2020-01-11,0.023141080711016115
2020-01-12,0.001163107466397778
2020-01-13,-0.003220942368884816
2020-01-14,0.0475443276948746
2020-01-15,0.03213839325508863
2020-01-16,-0.013014053660562769
2020-01-17,0.02359546728365286
2020-01-18,0.011776664909437351
2020-01-19,-0.005763635430696218
2020-01-20,-0.01793617526841612
2020-01-21,0.007367207778198354
2020-01-22,0.001003263675576127
2020-01-23,-0.02291294608254693
2020-01-24,-0.010868541030081363
2020-01-25,-0.005012175052246937
2020-01-26,0.014149772357529677
2020-01-27,0.023781920843229082
2020-01-28,0.018560265567423295
2020-01-29,0.017638251086859846
2020-01-30,0.0023173209236442838
2020-01-31,0.0062396974238431435
2020-02-01,0.004969018217052479
2020-02-02,0.01680539064344816
2020-02-03,0.002949073231303556
2020-02-04,-0.0007980817017900765
2020-02-05,0.035263586519292484
2020-02-06,0.027270702589831636
2020-02-07,0.013217968906034688
2020-02-08,0.001022738434469067
2020-02-09,0.01559324199348211
2020-02-10,-0.014444475126665551
2020-02-11,0.007513333815171774
2020-02-12,0.05755635422854494
2020-02-13,0.03396226057208612
2020-02-14,0.007693679559978878
2020-02-15,0.0012795335744284486
2020-02-16,-0.037151046652901365
2020-02-17,-0.028779050809837614
2020-02-18,0.02915583682924308
2020-02-19,0.01432189642975129
2020-02-20,-0.05006041784036894
2020-02-21,0.009108173727927382
2020-02-22,-0.0022117685527141273
2020-02-23,0.020841624869671782
2020-02-24,-0.012868059433387896
2020-02-25,-0.02648708148471257
2020-02-26,-0.05529069428141342
2020-02-27,-0.017143705218644334
2020-02-28,-0.004264306061536466
2020-02-29,0.0016956226529220297
2020-03-01,-0.016405173758600483
2020-03-02,0.016362881120362827
2020-03-03,0.00330409612938537
2020-03-04,-0.004526761918133088
2020-03-05,0.018735531689986706
2020-03-06,0.012124917538633956
2020-03-07,0.00483700841890089
2020-03-08,-0.05230070955791258
2020-03-09,-0.06275870921274218
2020-03-10,0.007051427121583714
2020-03-11,-0.013625963776350836
2020-03-12,-0.12945858940621185
2020-03-13,-0.13604160066987506
2020-03-14,0.01980107590637517
2020-03-15,-0.015259780667909673
2020-03-16,-0.05460374925279954
2020-03-17,0.03555310364946801
2020-03-18,-0.010300728588700542
2020-03-19,0.06247769505164488
2020-03-20,0.062116589715635356
2020-03-21,-0.028753779447585504
2020-03-22,-0.0072269132270741665
2020-03-23,-0.008545406205226674
2020-03-24,0.05290764153478783
2020-03-25,-0.0010161419701458507
2020-03-26,0.002349865333428791
2020-03-27,0.022594551884767278
2020-03-28,-0.0388796963764205
2020-03-29,-0.005375034273676527
2020-03-30,0.012089520943370069
2020-03-31,0.014761185840801327
2020-04-01,-0.008886677326720355
2020-04-02,0.037756451236085564
2020-04-03,0.011332810362651352
2020-04-04,-0.0013460492472653351
2020-04-05,0.002640054926558333
2020-04-06,0.04471173540778578
2020-04-07,0.04428558064110355
2020-04-08,-0.0017959446410956703
2020-04-09,0.0022782881856360793
2020-04-10,-0.038490383796245586
2020-04-11,-0.007592812834968099
2020-04-12,0.008786940486524675
2020-04-13,-0.025511163743314497
2020-04-14,0.01468460464312249
2020-04-15,-0.005305132205842722
2020-04-16,0.0185956303182665
2020-04-17,0.01696443082472246
2020-04-18,0.01810169908051784
2020-04-19,0.006176769322231018
2020-04-20,-0.014383115134079721
2020-04-21,-0.023291165956198373
2020-04-22,0.017553163516227488
2020-04-23,0.028095213390681995
2020-04-24,0.015262608021171131
2020-04-25,0.006287105595215475
2020-04-26,0.005838510497018945
2020-04-27,0.005418245670971045
2020-04-28,0.012336885151912391
2020-04-29,0.04942559397861512
2020-04-30,0.02877603983050145
2020-05-01,-0.009668944104105598
2020-05-02,0.007168408247768127
2020-05-03,0.004642568078417536
2020-05-04,-0.025106879136014615
2020-05-05,0.010399840382530168
2020-05-06,0.00947915492660567
2020-05-07,0.006519564565231478
2020-05-08,0.01980647400866062
2020-05-09,-0.0026861876866379197
2020-05-10,-0.08077038098335218
2020-05-11,-0.005023471917402655
2020-05-12,0.007489314333351704
2020-05-13,0.018612492107761808
2020-05-14,0.027728436084467123
2020-05-15,-0.006926574716257822
2020-05-16,-0.0029610368692190026
2020-05-17,0.014890301955487406
2020-05-18,0.015784200477438448
2020-05-19,-0.0035165785148146556
2020-05-20,-0.0007822714377182238
2020-05-21,-0.02697056123944186
2020-05-22,-0.0025645652398196828
2020-05-23,0.008820717097307862
2020-05-24,-0.0049667069326505
2020-05-25,-0.018560291117671296
2020-05-26,-0.00017192397924747915
2020-05-27,0.012977583721353991
2020-05-28,0.015190782021048899
2020-05-29,0.017049208519437642
2020-05-30,0.0195364912466173
2020-05-31,0.011143680697747044
2020-06-01,0.0005312430562678938
2020-06-02,0.017674427336731302
2020-06-03,-0.01997380233845833
2020-06-04,0.00971155077325564
2020-06-05,-0.0005044202869692871
2020-06-06,-0.004706074268255062
2020-06-07,-0.0023883258249142447
2020-06-08,0.00604845726682246
2020-06-09,-0.0004357591579788045
2020-06-10,0.002931251066490781
2020-06-11,-0.01368609863565437
2020-06-12,-0.017275415501926017
2020-06-13,0.0013085411844336592
2020-06-14,-0.00350408559838436
2020-06-15,-0.017181773231177144
2020-06-16,0.01892876809925209
2020-06-17,0.0006696498109646509
2020-06-18,-0.004700281260805433
2020-06-19,-0.00879498847814672
2020-06-20,-0.0025240435801081595
2020-06-21,0.002497334830422304
2020-06-22,0.014162194743375628
2020-06-23,0.010085342385342172
2020-06-24,-0.013389878425861201
2020-06-25,-0.016898663307449463
2020-06-26,-0.003542321716601793
2020-06-27,-0.010362925884616903
2020-06-28,-0.009301997730731315
2020-06-29,0.0038929908362493326
2020-06-30,0.0013862140014586077
2020-07-01,0.003913344231027016
2020-07-02,-0.002221799194705415
2020-07-03,-0.0023728429954048558
2020-07-04,0.002055055897135616
2020-07-05,-0.0032443981853620962
2020-07-06,0.023433098189894197
2020-07-07,0.00872554508846024
2020-07-08,0.02536730026846734
2020-07-09,0.005054469290658253
2020-07-10,-0.014115761154775724
2020-07-11,0.0048810757459126775
2020-07-12,-0.00038225694106297503
2020-07-13,0.004438177717942859
2020-07-14,-0.008294176013707799
2020-07-15,-0.00028137810429290644
2020-07-16,-0.014775266053364156
2020-07-17,0.0013512264309532285
2020-07-18,0.006528002951021239
2020-07-19,0.00132283623178725
2020-07-20,0.00290386595444192
2020-07-21,0.009185412364201617
2020-07-22,0.006890160500433007
2020-07-23,0.034148768554393916
2020-07-24,0.00735263528010538
2020-07-25,0.018926003019744564
2020-07-26,0.03246419075434556
2020-07-27,0.028575246133293014
2020-07-28,0.015685711363321753
2020-07-29,0.022354895735336056
2020-07-30,0.003068364528356432
2020-07-31,0.021960081397156245
2020-08-01,0.047532842751597
2020-08-02,0.02298033529048868
2020-08-03,0.015379916114323572
2020-08-04,0.003068316428240875
2020-08-05,0.0035976833158948007
2020-08-06,0.0090006350383936
2020-08-07,-0.01003960908663799
2020-08-08,-0.004145173716243034
2020-08-09,0.0059220113463564145
2020-08-10,0.005931193657141254
2020-08-11,-0.016913266330237244
2020-08-12,-0.02556504246912954
2020-08-13,0.018639354161702457
2020-08-14,0.036025771885882116
2020-08-15,0.005812607605849319
2020-08-16,-0.005621193474647802
2020-08-17,0.016716050418694596
2020-08-18,-0.0024330174758827377
2020-08-19,-0.034928736902514454
2020-08-20,-0.0019948625070308037
2020-08-21,-0.008418240862702353
2020-08-22,0.024911472631201893
2020-08-23,0.011181363137985604
2020-08-24,0.021753660515422046
2020-08-25,0.00733224629579228
2020-08-26,0.01867108449568065
2020-08-27,-0.012312813612425496
2020-08-28,0.005231955074027719
2020-08-29,0.02455164759403731
2020-08-30,0.0061564085860329465
2020-08-31,0.018418060650996233
2020-09-01,0.03544501502161347
2020-09-02,-0.028067700259675102
2020-09-03,-0.05174193740946314
2020-09-04,-0.059350840228132556
2020-09-05,-0.05132270755825265
2020-09-06,-0.02354544823536991
2020-09-07,-0.0010636932390348055
2020-09-08,-0.0021087788467238164
2020-09-09,0.011747072781352248
2020-09-10,0.029144326503463523
2020-09-11,-0.012090797575218266
2020-09-12,0.02177385754226132
2020-09-13,0.010846593277270666
2020-09-14,0.005834404927575716
2020-09-15,0.0016380941217543441
2020-09-16,-0.014896467379262718
2020-09-17,0.0208759831140845
2020-09-18,0.0014206666123183775
2020-09-19,-0.006833065761331228
2020-09-20,-0.019809470942769875
2020-09-21,-0.05041393155993689
2020-09-22,-0.021689269813137624
2020-09-23,-0.007845552504497477
2020-09-24,0.002329362461536329
2020-09-25,0.045471618650523515
2020-09-26,0.01390173993268042
2020-09-27,0.0021129424282169676
2020-09-28,0.0241364937556805
2020-09-29,-0.00953493004854126
2020-09-30,-0.008220676067633177
2020-10-01,0.00600350214169304
2020-10-02,-0.03784572984862451
2020-10-03,0.0012133730276052874
2020-10-04,0.007851932076679965
2020-10-05,0.01872354680935423
2020-10-06,-0.015467106682018152
2020-10-07,-0.01976752644247855
2020-10-08,0.012505766132677804
2020-10-09,0.03358518579547509
2020-10-10,0.03650371920548712
2020-10-11,-0.004034897490651797
2020-10-12,0.008117177377573743
2020-10-13,0.0043496955806311775
2020-10-14,-0.007492484640620392
2020-10-15,-0.013910786043772529
2020-10-16,-0.01786729312387212
2020-10-17,0.0003266107312416462
2020-10-18,0.010584668969577844
2020-10-19,0.008842318782301425
2020-10-20,-0.007300060637265794
2020-10-21,0.022761428605313272
2020-10-22,0.034753713816189226
2020-10-23,0.0021713421094853485
2020-10-24,0.0023937434403295543
2020-10-25,-0.004555031013577292
2020-10-26,-0.0027097679720774846
2020-10-27,0.011263564412152741
2020-10-28,-0.02096752334002825
2020-10-29,-0.01916418915446283
2020-10-30,-0.019824891791338117
2020-10-31,0.01419920367299147
2020-11-01,0.002335513671220942
2020-11-02,-0.004290273846919397
2020-11-03,-0.017789966131803205
2020-11-04,0.015301271291150368
2020-11-05,0.02956059222969276
2020-11-06,0.059280177266670564
2020-11-07,0.009670389850943262
2020-11-08,-0.016174629022845294
2020-11-09,0.002899470868313103
2020-11-10,0.004689460638381252
2020-11-11,0.016189985052693902
2020-11-12,-0.007352353751633437
2020-11-13,0.013717552604945836
2020-11-14,-0.0024238668968731268
2020-11-15,-0.004384371575783974
2020-11-16,0.010353571963263067
2020-11-17,0.04609326160600541
2020-11-18,0.002950521860356733
2020-11-19,-0.00213184524107198
2020-11-20,0.04813362171255538
2020-11-21,0.07770232565730109
2020-11-22,0.04909984702497383
2020-11-23,0.05697909125873223
2020-11-24,0.08580369733467928
2020-11-25,-0.011028668402913572
2020-11-26,-0.11795994101583972
2020-11-27,-0.0022981429806575946
2020-11-28,0.044285111764907605
2020-11-29,0.03432275675420467
2020-11-30,0.04203921465903583
2020-12-01,0.0006629186174304342
2020-12-02,-0.016455240944491686
2020-12-03,0.019662584537542417
2020-12-04,-0.024234303390643898
2020-12-05,-0.01409739593953722
2020-12-06,0.013390476704899233
2020-12-07,-0.0011507529991301446
2020-12-08,-0.026966541160090965
2020-12-09,-0.030838695297999093
2020-12-10,0.010022563630662229
2020-12-11,-0.02457590368976605
2020-12-12,0.007818755103616402
2020-12-13,0.021792469076121607
2020-12-14,0.0012211758267934858
2020-12-15,0.006171858920877719
2020-12-16,0.01763620123083861
2020-12-17,0.08266738451966808
2020-12-18,-0.00419920485318509
2020-12-19,0.011986348761111487
2020-12-20,-0.0115577742073254
2020-12-21,-0.03397558264421796
2020-12-22,-0.02575999169857157
2020-12-23,-0.05394035927258275
2020-12-24,-0.049473903885826225
2020-12-25,0.08056556816365382
2020-12-26,-0.005515478273192875
2020-12-27,0.015706746951874424
2020-12-28,0.042077727072203266
2020-12-29,-0.0009850137738716125
2020-12-30,0.022659209056039503
2020-12-31,0.024392708820436666
2021-01-01,0.02739888547899031
2021-01-02,0.006366849057578653
2021-01-03,0.06008426556019965
2021-01-04,0.05226254467737264
2021-01-05,0.024818455317452873
2021-01-06,0.07504011650132521
2021-01-07,0.09740276731831056
2021-01-08,-0.016700334086383807
2021-01-09,0.022536864748526047
2021-01-10,0.013973986831740448
2021-01-11,-0.12491015230099944
2021-01-12,0.026987226892450644
2021-01-13,0.029223200090751023
2021-01-14,0.08439817550515077
2021-01-15,0.017016069062537796
2021-01-16,0.04557249266838005
2021-01-17,0.01803806445884496
2021-01-18,0.004919826237752908
2021-01-19,0.031252048835248306
2021-01-20,-0.03428742959957716
2021-01-21,-0.025698443727788824
2021-01-22,-0.025024605139534025
2021-01-23,0.03127359322659169
2021-01-24,0.014357477675653096
2021-01-25,0.019045997096593714
2021-01-26,-0.03866654292349843
2021-01-27,-0.03665248345382395
2021-01-28,0.025139079288343524
2021-01-29,0.04688076021813628
2021-01-30,0.02766013519150547
2021-01-31,0.04941307608708802
2021-02-01,0.0185894189256966
2021-02-02,0.014011694298904013
2021-02-03,0.05021130896216319
2021-02-04,0.03598293837722416
2021-02-05,0.049429445791106384
2021-02-06,0.02806848080243414
2021-02-07,0.0009266187421595115
2021-02-08,0.04233998830504926
2021-02-09,0.05841991850681423
2021-02-10,0.04273340056947096
2021-02-11,0.04004852851746599
2021-02-12,0.0358883217632477
2021-02-13,0.02288804256054296
2021-02-14,-0.008571907010825514
2021-02-15,-0.026419226432506642
2021-02-16,0.01727984499889701
2021-02-17,0.013004674354497092
2021-02-18,0.02802998678939826
2021-02-19,0.014744275085368776
2021-02-20,0.07657249161171806
2021-02-21,-0.0015245046078021247
2021-02-22,-0.0298824692355545
2021-02-23,-0.08907994288583122
2021-02-24,0.02171646735671538
2021-02-25,-0.00042719964443367967
2021-02-26,-0.05122865402246698
2021-02-27,0.047132188552148624
2021-02-28,-0.05851121117460941
2021-03-01,0.06381160392849106
2021-03-02,0.007201463818630944
2021-03-03,0.018820736788110533
2021-03-04,-0.021364246348155654
2021-03-05,-0.03748274575695999
2021-03-06,0.008878529718592343
2021-03-07,0.03014463357440148
2021-03-08,0.01096034935145058
2021-03-09,0.04183482642686914
2021-03-10,0.00948615100707966
2021-03-11,-0.010708101807326398
2021-03-12,-0.006273120280326211
2021-03-13,0.01008885778830721
2021-03-14,0.004547365495943367
2021-03-15,-0.030623226477974583
2021-03-16,-0.0019709366445237143
2021-03-17,0.02739658014121028
2021-03-18,0.03199175648719943
2021-03-19,-0.009863732543689474
2021-03-20,0.021239220394979323
2021-03-21,-0.021971269906362792
2021-03-22,0.01709256970939229
2021-03-23,-0.02624012219195932
2021-03-24,-0.011005208249369727
2021-03-25,-0.06061690162834625
2021-03-26,0.04720223378060766
2021-03-27,0.036626280237452236
2021-03-28,0.022715119713336823
2021-03-29,0.02007226998798331
2021-03-30,0.030055455911211518
2021-03-31,-0.003712735116908854
2021-04-01,0.019668283385133774
2021-04-02,0.014126373405572115
2021-04-03,0.05200726132889215
2021-04-04,0.0008467911625449683
2021-04-05,0.035478969001009504
2021-04-06,0.04946139034035787
2021-04-07,-0.0074279995388513
2021-04-08,0.0038316846015500334
2021-04-09,0.024664024671015312
2021-04-10,0.03041398986066831
2021-04-11,0.02290254685890464
2021-04-12,0.011983467862504529
2021-04-13,0.04356880469353278
2021-04-14,0.030220723639062586
2021-04-15,0.00725747286659368
2021-04-16,-0.022212861420356642
2021-04-17,-0.0025196279623639992
2021-04-18,-0.0835830629957293
2021-04-19,0.03747153680415436
2021-04-20,-0.03561243986909683
2021-04-21,0.035728163357489524
2021-04-22,0.009179165632393042
2021-04-23,-0.07950943667971139
2021-04-24,0.016731105069197217
2021-04-25,0.0071785737250487265
2021-04-26,0.07693352196681716
2021-04-27,0.04425099803877233
2021-04-28,0.0007630763926789669
2021-04-29,0.004926929957394949
2021-04-30,0.028219589130800183
2021-05-01,0.026238277792343317
2021-05-02,0.005106553235133411
2021-05-03,0.021157293308531316
2021-05-04,-0.02769318381119775
2021-05-05,0.02319296582229402
2021-05-06,0.048494204460419375
2021-05-07,-0.0003699624934333356
2021-05-08,0.0069218665571477225
2021-05-09,0.014704966093384283
2021-05-10,0.003199633430534912
2021-05-11,-0.03529907233263588
2021-05-12,0.03662055218016178
2021-05-13,-0.05185452659682614
2021-05-14,0.038453705627341704
2021-05-15,0.030350556715390886
2021-05-16,0.013955076764769179
2021-05-17,-0.047715796519767664
2021-05-18,0.021094850520858736
2021-05-19,-0.13525113590622095
2021-05-20,-0.04915364229487765
2021-05-21,-0.0313228788271211
2021-05-22,-0.09385733810334479
2021-05-23,-0.12616428217859654
2021-05-24,0.07911288227115518
2021-05-25,0.05577106613705531
2021-05-26,0.07374799417858537
2021-05-27,-0.007215029545109568
2021-05-28,-0.06205150449296504
2021-05-29,-0.05620502813472039
2021-05-30,0.012878973212705971
2021-05-31,0.050558407736357544
2021-06-01,0.03634971577451302
2021-06-02,0.03138366082368983
2021-06-03,0.0510668716873803
2021-06-04,-0.04185961486437652
2021-06-05,0.006181792345005471
2021-06-06,-0.008475395300245625
2021-06-07,0.008398569450878357
2021-06-08,-0.08386479121744789
2021-06-09,0.03708346468622387
2021-06-10,0.01813064226564325
2021-06-11,-0.03386708191388112
2021-06-12,-0.038083605494851805
2021-06-13,0.016773992540928956
2021-06-14,0.056298994486352755
2021-06-15,0.022298828250082572
2021-06-16,-0.0292417640251188
2021-06-17,-0.0097134115399558
2021-06-18,-0.04266282026389827
2021-06-19,-0.0228267073314479
2021-06-20,-0.029483631919450262
2021-06-21,-0.06959124049780474
2021-06-22,-0.09316212712257302
2021-06-23,0.06273734845812932
2021-06-24,0.017084486600494855
2021-06-25,-0.016689271081383326
2021-06-26,-0.051292238862782634
2021-06-27,0.03437627530075691
2021-06-28,0.0460654695129316
2021-06-29,0.04893784208091052
2021-06-30,-0.007399564508909249
2021-07-01,-0.020833415435126113
2021-07-02,-0.020285428394004885
2021-07-03,0.03627738313889269
2021-07-04,0.025792505401766697
2021-07-05,-0.02531780184210478
2021-07-06,0.0070574993988260825
2021-07-07,0.027574234210133428
2021-07-08,-0.048427956428855
2021-07-09,-0.016246175630060176
2021-07-10,0.0016044824543844293
2021-07-11,-0.0008518848906426793
2021-07-12,-0.007175583528278485
2021-07-13,-0.02975945987413916
2021-07-14,-0.022902068647330527
2021-07-15,-0.008574811236857136
2021-07-16,-0.02386382809735784
2021-07-17,-0.022239391387043273
2021-07-18,0.016563111593375708
2021-07-19,-0.03755227734482937
2021-07-20,-0.05549210553895606
2021-07-21,0.061689730993572806
2021-07-22,0.039957721293335635
2021-07-23,0.01542254712760974
2021-07-24,0.03358058916479946
2021-07-25,-0.004914964058904681
2021-07-26,0.07459878072601635
2021-07-27,-0.03516521907940268
2021-07-28,0.03509839036462338
2021-07-29,0.014024692465023674
2021-07-30,0.02385594763473905
2021-07-31,0.037365883822891965
2021-08-01,0.04136300554191166
2021-08-02,-0.019915604488009647
2021-08-03,-0.01983872468573024
2021-08-04,0.018569774338061902
2021-08-05,0.026047118691825376
2021-08-06,0.026196605280080797
2021-08-07,0.04535395236858189
2021-08-08,0.00198001260912019
2021-08-09,0.0011589332556052163
2021-08-10,0.030487922763472262
2021-08-11,0.055183233569899126
2021-08-12,-0.010643473172375177
2021-08-13,0.04229752358135136
2021-08-14,0.041463525168203
2021-08-15,0.025909061659760986
2021-08-16,0.07864880964476338
2021-08-17,0.01114778611127714
2021-08-18,-0.013788816505469974
2021-08-19,0.03311623241573797
2021-08-20,0.05597721784850008
2021-08-21,0.006980977482347421
2021-08-22,-0.012654036257082798
2021-08-23,0.027307622238015156
2021-08-24,-0.004521794671811068
2021-08-25,-0.03642767177878358
2021-08-26,-0.029381499364196612
2021-08-27,0.03902757199263318
2021-08-28,0.04331430491205315
2021-08-29,0.005050989902791291
2021-08-30,0.0062830814290196525
2021-08-31,0.02929888459573289
2021-09-01,0.021189888020119035
2021-09-02,0.034459769249145324
2021-09-03,0.02656379517024913
2021-09-04,0.0008169763302350555
2021-09-05,-0.002760266988333636
2021-09-06,0.022097620341239757
2021-09-07,-0.016194233684749627
2021-09-08,-0.056004791161170214
2021-09-09,0.03346849125276709
2021-09-10,-0.01589692382622178
2021-09-11,0.00011407739009741333
2021-09-12,0.014146656040543784
2021-09-13,-0.02003474101568343
2021-09-14,0.009479365524691911
2021-09-15,0.01214691375333289
2021-09-16,-0.0002219004834184135
2021-09-17,-0.020964239663122875
2021-09-18,0.01111265050567393
2021-09-19,-0.006868122890532168
2021-09-20,-0.0625666301120431
2021-09-21,-0.028160444765094852
2021-09-22,0.0074269747685868906
2021-09-23,0.04152376142229437
2021-09-24,-0.020268751013640413
2021-09-25,-0.0023026385740299894
2021-09-26,-0.013288965463758807
2021-09-27,0.012697015356505212
2021-09-28,-0.031090859625444875
2021-09-29,-0.0003538476584467042
2021-09-30,0.01682167860377729
2021-10-01,0.043905997580436486
2021-10-02,0.03494713525316527
2021-10-03,0.00928567163641399
2021-10-04,-0.012618457496215941
2021-10-05,0.009554402595115235
2021-10-06,0.0034139783085927276
2021-10-07,0.013837013401191589
2021-10-08,0.006266716308254383
2021-10-09,0.007034960504583372
2021-10-10,0.004374798293812548
2021-10-11,-0.00961889104259845
2021-10-12,-0.016491850854608074
2021-10-13,0.018154184381380993
2021-10-14,0.025140284677207546
2021-10-15,0.013411076931299552
2021-10-16,0.012725010955775076
2021-10-17,-0.008140498075235167
2021-10-18,-0.006415550998535622
2021-10-19,-0.002226040561535192
2021-10-20,0.022930507286765156
2021-10-21,0.026125953404058738
2021-10-22,0.0009079105209129305
2021-10-23,-0.007623001593099194
2021-10-24,-0.007454255444172058
2021-10-25,0.0181636189020008
2021-10-26,0.004660027326177058
2021-10-27,-0.03551025872140913
2021-10-28,0.0003138744706511702
2021-10-29,0.020518309128994352
2021-10-30,-0.004172478694433465
2021-10-31,-0.004805263523271571
2021-11-01,0.01700749810451754
2021-11-02,0.020698759969252176
2021-11-03,0.0298536648071078
2021-11-04,0.005612567851920509
2021-11-05,-0.00921419388166595
2021-11-06,-0.0028600069963113676
2021-11-07,0.01580433325104205
2021-11-08,0.018700857248775925
2021-11-09,0.010987331438283735
2021-11-10,-0.010665377966496345
2021-11-11,-0.01849755784807975
2021-11-12,-0.015454838347108552
2021-11-13,0.0007657874686775403
2021-11-14,0.000275718471074018
2021-11-15,0.0066143189437804445
2021-11-16,-0.04858809662763959
2021-11-17,-0.017341007768944476
2021-11-18,-0.00997260822125697
2021-11-19,-0.006356130628824835
2021-11-20,0.0211824166988181
2021-11-21,0.0030672738166788293
2021-11-22,-0.019711875500139725
2021-11-23,-0.0025728524054442602
2021-11-24,-0.012325662924474073
2021-11-25,0.008016312915114582
2021-11-26,-0.03914865325999638
2021-11-27,-0.01238657883336886
2021-11-28,-0.01512426089420392
2021-11-29,0.04262036762885502
2021-11-30,0.010150191581054197
2021-12-01,0.012097502862279284
2021-12-02,-0.0053421675405520815
2021-12-03,-0.008720625028613704
2021-12-04,-0.08950690428077099
2021-12-05,-0.004503337430462643
2021-12-06,-0.01669774829372312
2021-12-07,0.03897896820257357
2021-12-08,-0.007276839261295779
2021-12-09,-0.008811345263688479
2021-12-10,-0.027668738118354498
2021-12-11,-0.005428697192857237
2021-12-12,0.015750824989321677
2021-12-13,-0.025071662287316658
2021-12-14,-0.022416653781753823
2021-12-15,0.015519452710413006
2021-12-16,0.02466450993629437
2021-12-17,-0.024793003992633275
2021-12-18,0.0025699604376111275
2021-12-19,0.010245186600412404
2021-12-20,-0.013838270510953602
2021-12-21,0.020817215078671906
2021-12-22,0.025526208513608414
2021-12-23,0.01401612915478999
2021-12-24,0.018022009686878074
2021-12-25,-0.007102873753030549
2021-12-26,0.005749776280306953
2021-12-27,0.020083019936277972
2021-12-28,-0.03724193392578092
2021-12-29,-0.026911934493782413
2021-12-30,-0.01256599128020984
2021-12-31,0.00010468329615347875
2022-01-01,0.0023529651743938607
2022-01-02,0.012772834435274858
2022-01-03,-0.0033704411760384014
2022-01-04,-0.005752556379517116
2022-01-05,-0.010985476669390636
2022-01-06,-0.05040078051124028
2022-01-07,-0.021667306126949594
2022-01-08,-0.006159313856869605
2022-01-09,-0.005994946536437037
2022-01-10,-0.012199409992098908
2022-01-11,0.009500333822568712
2022-01-12,0.03569366337370915
2022-01-13,0.009316689282747549
2022-01-14,-0.008649795621454317
2022-01-15,0.007852647166219126
2022-01-16,0.008020412288588592
